"Average, Standard desviation"
0.6175914148162565,0.05530281728764985
