"Average, Standard desviation"
0.5565481721835074,0.05144863797256945
