"Average, Standard desviation"
0.6730936910461873,0.02942662594554361
