"Average, Standard desviation"
0.6353168132368668,0.038496689891704156
