"Average, Standard desviation"
0.5696398919803736,0.03815345437289323
