"Average, Standard desviation"
0.6183984559477538,0.0456175454874438
