"Average, Standard desviation"
0.26779041126154474,0.022515843706123164
