"Average, Standard desviation"
0.26580965518051586,0.021144774336629427
