"Average, Standard desviation"
0.5516339826986986,0.011370348230637622
