"Average, Standard desviation"
0.40434527450501206,0.016107274406558986
