"Average, Standard desviation"
0.45051379725870483,0.019620012424083174
