"Average, Standard desviation"
0.3676505732298186,0.020049056846703606
