"Average, Standard desviation"
0.4229189555805463,0.015919747527484762
