"Average, Standard desviation"
0.37511409647189653,0.025077197245396525
