"Average, Standard desviation"
0.6121000627485605,0.007560265052884336
