"Average, Standard desviation"
0.4775064673561316,0.011148120788630582
