"Average, Standard desviation"
0.5225603084724683,0.013233257973354492
