"Average, Standard desviation"
0.354011662161121,0.019109081802094335
