"Average, Standard desviation"
0.6620083793711203,0.049763011021994256
