"Average, Standard desviation"
0.6597093103023676,0.05624278343111274
