"Average, Standard desviation"
0.777863971889019,0.0298239586767738
