"Average, Standard desviation"
0.7319704093612157,0.043883908108187514
