"Average, Standard desviation"
0.7255893415556505,0.03630623360280772
