"Average, Standard desviation"
0.6883831304999498,0.050813422820563614
