"Average, Standard desviation"
0.09760133590876088,0.018639337917024316
