"Average, Standard desviation"
0.09508814932688928,0.022980364862186436
