"Average, Standard desviation"
0.43834126683381885,0.010997462184771769
