"Average, Standard desviation"
0.2392872513200228,0.012602627237375381
