"Average, Standard desviation"
0.27733063833931315,0.012139901200573329
