"Average, Standard desviation"
0.20611489820294082,0.022981246188292653
