"Average, Standard desviation"
0.07216425653080587,0.01717023707711406
