"Average, Standard desviation"
0.08765598230643667,0.01707625710490151
