"Average, Standard desviation"
0.4248928991820558,0.012606905671512392
