"Average, Standard desviation"
0.2496236750770609,0.012156497524024163
