"Average, Standard desviation"
0.283811726119096,0.018897985789240727
