"Average, Standard desviation"
0.24714854938989583,0.02409258979504057
