"Average, Standard desviation"
0.08582318432504857,0.016387676435241735
