"Average, Standard desviation"
0.10010912656462796,0.0183904389257189
