"Average, Standard desviation"
0.42660807366841114,0.01070499591689005
