"Average, Standard desviation"
0.23922866902943157,0.009998411115486983
