"Average, Standard desviation"
0.256847532799463,0.016257183098273186
