"Average, Standard desviation"
0.2320920463633422,0.020035473162935562
