"Average, Standard desviation"
0.3123160994617874,0.03274197986245233
