"Average, Standard desviation"
0.3573383298045139,0.034206563131070684
