"Average, Standard desviation"
0.5556897135620374,0.018387201831879245
