"Average, Standard desviation"
0.43283173032063166,0.02702345944690248
