"Average, Standard desviation"
0.4480746400779344,0.02573474498372862
