"Average, Standard desviation"
0.3728020407610127,0.029668222748409943
