"Average, Standard desviation"
0.4838992745726979,0.04711129631218636
