"Average, Standard desviation"
0.4538937892830231,0.047860840060047274
