"Average, Standard desviation"
0.6162974122152685,0.026895294252935173
