"Average, Standard desviation"
0.5599096141424877,0.036473651337605724
