"Average, Standard desviation"
0.528379676246594,0.03492762243988043
