"Average, Standard desviation"
0.5470615889226953,0.04151477527313722
