"Average, Standard desviation"
0.58487952745361,0.04571171949253511
