"Average, Standard desviation"
0.5666624196141744,0.050590868604953536
