"Average, Standard desviation"
0.7074053406858329,0.028929908212971315
