"Average, Standard desviation"
0.6426179847213265,0.039690679699956245
