"Average, Standard desviation"
0.5741780376915694,0.040641585802066414
