"Average, Standard desviation"
0.6326603309499274,0.04225111131685156
