"Average, Standard desviation"
0.8209604067871203,0.07311139538096746
