"Average, Standard desviation"
0.845699989165251,0.06893930204337363
