"Average, Standard desviation"
0.8917148812459066,0.04143310728137069
