"Average, Standard desviation"
0.8607134541066793,0.05737994894898475
