"Average, Standard desviation"
0.8794954436329695,0.047950321505349766
