"Average, Standard desviation"
0.823840248470123,0.06464778569484987
