"Average, Standard desviation"
0.7017322187658123,0.0586716077494132
