"Average, Standard desviation"
0.7367371713800682,0.05310410068081206
