"Average, Standard desviation"
0.7839974948256422,0.03522649919212366
