"Average, Standard desviation"
0.7275093536195733,0.044123476634110724
