"Average, Standard desviation"
0.6559712954768092,0.04902968183488805
