"Average, Standard desviation"
0.715838991909576,0.05053955731913465
